﻿<?xml version='1.0' encoding='UTF-8'?>
<simpleviewerGallery backgroundImagePath="" maxImageWidth="1500" maxImageHeight="1500" imagePath="2013gallery/images/large/" thumbPath="2013gallery/images/thumb/" frameColor="0xffffff" textColor="0xffffff" frameWidth="20" stagePadding="40" thumbnailColumns="5" thumbnailRows="5" navPosition="left" enableRightClickOpen="true"> 
<image>
<filename>_DSC6473.jpg</filename>
<caption></caption>
</image>
<image>
<filename>_DSC6482.jpg</filename>
<caption></caption>
</image>
<image>
<filename>_DSC6483.jpg</filename>
<caption></caption>
</image>
<image>
<filename>_DSC6514.jpg</filename>
<caption></caption>
</image>
<image>
<filename>_DSC6521.jpg</filename>
<caption></caption>
</image>
<image>
<filename>_DSC6524.jpg</filename>
<caption></caption>
</image>
<image>
<filename>_DSC6559.jpg</filename>
<caption></caption>
</image>
<image>
<filename>_DSC6567.jpg</filename>
<caption></caption>
</image>
<image>
<filename>_DSC6578.jpg</filename>
<caption></caption>
</image>
<image>
<filename>_DSC6610.jpg</filename>
<caption></caption>
</image>
<image>
<filename>_DSC6613.jpg</filename>
<caption></caption>
</image>
<image>
<filename>_DSC6614.jpg</filename>
<caption></caption>
</image>
<image>
<filename>_DSC6617.jpg</filename>
<caption></caption>
</image>
<image>
<filename>_DSC6618.jpg</filename>
<caption></caption>
</image>
<image>
<filename>_DSC6623.jpg</filename>
<caption></caption>
</image>
<image>
<filename>_DSC6624.jpg</filename>
<caption></caption>
</image>
<image>
<filename>_DSC6629.jpg</filename>
<caption></caption>
</image>
<image>
<filename>_DSC6632.jpg</filename>
<caption></caption>
</image>
<image>
<filename>_DSC6636.jpg</filename>
<caption></caption>
</image>
<image>
<filename>_DSC6640.jpg</filename>
<caption></caption>
</image>
<image>
<filename>_DSC6643.jpg</filename>
<caption></caption>
</image>
<image>
<filename>_DSC6645.jpg</filename>
<caption></caption>
</image>
<image>
<filename>_DSC6648.jpg</filename>
<caption></caption>
</image>
<image>
<filename>_DSC6649.jpg</filename>
<caption></caption>
</image>
<image>
<filename>_DSC6651.jpg</filename>
<caption></caption>
</image>
<image>
<filename>_DSC6658.jpg</filename>
<caption></caption>
</image>
<image>
<filename>_DSC6659.jpg</filename>
<caption></caption>
</image>
<image>
<filename>_DSC6661.jpg</filename>
<caption></caption>
</image>
<image>
<filename>_DSC6668.jpg</filename>
<caption></caption>
</image>
<image>
<filename>_DSC6669.jpg</filename>
<caption></caption>
</image>
<image>
<filename>_DSC6670.jpg</filename>
<caption></caption>
</image>
<image>
<filename>_DSC6676.jpg</filename>
<caption></caption>
</image>
<image>
<filename>_DSC6680.jpg</filename>
<caption></caption>
</image>
<image>
<filename>_DSC6682.jpg</filename>
<caption></caption>
</image>
<image>
<filename>_DSC6687.jpg</filename>
<caption></caption>
</image>
<image>
<filename>_DSC6690.jpg</filename>
<caption></caption>
</image>
<image>
<filename>_DSC6691.jpg</filename>
<caption></caption>
</image>
<image>
<filename>_DSC6696.jpg</filename>
<caption></caption>
</image>
<image>
<filename>_DSC6699.jpg</filename>
<caption></caption>
</image>
<image>
<filename>_DSC6702.jpg</filename>
<caption></caption>
</image>
<image>
<filename>_DSC6703.jpg</filename>
<caption></caption>
</image>
<image>
<filename>_DSC6706.jpg</filename>
<caption></caption>
</image>
<image>
<filename>_DSC6709.jpg</filename>
<caption></caption>
</image>
<image>
<filename>_DSC6711.jpg</filename>
<caption></caption>
</image>
<image>
<filename>_DSC6720.jpg</filename>
<caption></caption>
</image>
<image>
<filename>_DSC6722.jpg</filename>
<caption></caption>
</image>
<image>
<filename>_DSC6727.jpg</filename>
<caption></caption>
</image>
<image>
<filename>_DSC6729.jpg</filename>
<caption></caption>
</image>
<image>
<filename>_DSC6730.jpg</filename>
<caption></caption>
</image>
<image>
<filename>_DSC6736.jpg</filename>
<caption></caption>
</image>
<image>
<filename>_DSC6737.jpg</filename>
<caption></caption>
</image>
<image>
<filename>_DSC6738.jpg</filename>
<caption></caption>
</image>
<image>
<filename>_DSC6740.jpg</filename>
<caption></caption>
</image>
<image>
<filename>_DSC6743.jpg</filename>
<caption></caption>
</image>
<image>
<filename>_DSC6813.jpg</filename>
<caption></caption>
</image>
<image>
<filename>_DSC6818.jpg</filename>
<caption></caption>
</image>
<image>
<filename>_DSC6837.jpg</filename>
<caption></caption>
</image>
<image>
<filename>_DSC6863.jpg</filename>
<caption></caption>
</image>
<image>
<filename>_DSC6920.jpg</filename>
<caption></caption>
</image>
<image>
<filename>_DSC6930.jpg</filename>
<caption></caption>
</image>
<image>
<filename>_DSC6934.jpg</filename>
<caption></caption>
</image>
<image>
<filename>_DSC6945.jpg</filename>
<caption></caption>
</image>
<image>
<filename>_DSC6952.jpg</filename>
<caption></caption>
</image>
<image>
<filename>_DSC6960.jpg</filename>
<caption></caption>
</image>
<image>
<filename>_DSC6965.jpg</filename>
<caption></caption>
</image>
<image>
<filename>_DSC6969.jpg</filename>
<caption></caption>
</image>
<image>
<filename>_DSC6988.jpg</filename>
<caption></caption>
</image>
<image>
<filename>_DSC6996.jpg</filename>
<caption></caption>
</image>
<image>
<filename>_DSC7005.jpg</filename>
<caption></caption>
</image>
<image>
<filename>_DSC7018.jpg</filename>
<caption></caption>
</image>
<image>
<filename>_DSC7024.jpg</filename>
<caption></caption>
</image>
<image>
<filename>_DSC7037.jpg</filename>
<caption></caption>
</image>
<image>
<filename>_DSC7058.jpg</filename>
<caption></caption>
</image>
<image>
<filename>_DSC7062.jpg</filename>
<caption></caption>
</image>
<image>
<filename>_DSC7079.jpg</filename>
<caption></caption>
</image>
<image>
<filename>_DSC7084.jpg</filename>
<caption></caption>
</image>
<image>
<filename>_DSC7098.jpg</filename>
<caption></caption>
</image>
<image>
<filename>_DSC7108.jpg</filename>
<caption></caption>
</image>
<image>
<filename>_DSC7114.jpg</filename>
<caption></caption>
</image>
<image>
<filename>_DSC7128.jpg</filename>
<caption></caption>
</image>
<image>
<filename>_DSC7139.jpg</filename>
<caption></caption>
</image>
<image>
<filename>_DSC7144.jpg</filename>
<caption></caption>
</image>
<image>
<filename>_DSC7156.jpg</filename>
<caption></caption>
</image>
<image>
<filename>_DSC7164.jpg</filename>
<caption></caption>
</image>
<image>
<filename>_DSC7173.jpg</filename>
<caption></caption>
</image>
<image>
<filename>_DSC7198.jpg</filename>
<caption></caption>
</image>
<image>
<filename>_DSC7295.jpg</filename>
<caption></caption>
</image>
<image>
<filename>_DSC7305.jpg</filename>
<caption></caption>
</image>
<image>
<filename>_DSC7321.jpg</filename>
<caption></caption>
</image>
<image>
<filename>_DSC7326.jpg</filename>
<caption></caption>
</image>
<image>
<filename>_DSC7333.jpg</filename>
<caption></caption>
</image>
<image>
<filename>_DSC7336.jpg</filename>
<caption></caption>
</image>
<image>
<filename>_DSC7338.jpg</filename>
<caption></caption>
</image>
<image>
<filename>_DSC7344.jpg</filename>
<caption></caption>
</image>
<image>
<filename>_DSC7350.jpg</filename>
<caption></caption>
</image>
<image>
<filename>_DSC7352.jpg</filename>
<caption></caption>
</image>
<image>
<filename>_DSC7357.jpg</filename>
<caption></caption>
</image>
<image>
<filename>_DSC7363.jpg</filename>
<caption></caption>
</image>
<image>
<filename>_DSC7370.jpg</filename>
<caption></caption>
</image>
<image>
<filename>_DSC7386.jpg</filename>
<caption></caption>
</image>
<image>
<filename>_DSC7392.jpg</filename>
<caption></caption>
</image>
<image>
<filename>_DSC7406.jpg</filename>
<caption></caption>
</image>
<image>
<filename>_DSC7415.jpg</filename>
<caption></caption>
</image>
<image>
<filename>_DSC7420.jpg</filename>
<caption></caption>
</image>
<image>
<filename>_DSC7428.jpg</filename>
<caption></caption>
</image>
<image>
<filename>_DSC7435.jpg</filename>
<caption></caption>
</image>
<image>
<filename>_DSC7484.jpg</filename>
<caption></caption>
</image>
<image>
<filename>_DSC7487.jpg</filename>
<caption></caption>
</image>
<image>
<filename>_DSC7488.jpg</filename>
<caption></caption>
</image>
<image>
<filename>_DSC7510.jpg</filename>
<caption></caption>
</image>
<image>
<filename>_DSC7511.jpg</filename>
<caption></caption>
</image>
<image>
<filename>_DSC7515.jpg</filename>
<caption></caption>
</image>
<image>
<filename>_DSC7516.jpg</filename>
<caption></caption>
</image>
<image>
<filename>_DSC7520.jpg</filename>
<caption></caption>
</image>
<image>
<filename>_DSC7522.jpg</filename>
<caption></caption>
</image>
<image>
<filename>_DSC7525.jpg</filename>
<caption></caption>
</image>
<image>
<filename>_DSC7528.jpg</filename>
<caption></caption>
</image>
<image>
<filename>_DSC7530.jpg</filename>
<caption></caption>
</image>
<image>
<filename>_DSC7532.jpg</filename>
<caption></caption>
</image>
<image>
<filename>_DSC7537.jpg</filename>
<caption></caption>
</image>
<image>
<filename>_DSC7538.jpg</filename>
<caption></caption>
</image>
<image>
<filename>_DSC7542.jpg</filename>
<caption></caption>
</image>
<image>
<filename>_DSC7543.jpg</filename>
<caption></caption>
</image>
<image>
<filename>_DSC7551.jpg</filename>
<caption></caption>
</image>
<image>
<filename>_DSC7552.jpg</filename>
<caption></caption>
</image>
<image>
<filename>_DSC7555.jpg</filename>
<caption></caption>
</image>
<image>
<filename>_DSC7556.jpg</filename>
<caption></caption>
</image>
<image>
<filename>_DSC7557.jpg</filename>
<caption></caption>
</image>
<image>
<filename>_DSC7563.jpg</filename>
<caption></caption>
</image>
<image>
<filename>_DSC7564.jpg</filename>
<caption></caption>
</image>
<image>
<filename>_DSC7569.jpg</filename>
<caption></caption>
</image>
<image>
<filename>_DSC7570.jpg</filename>
<caption></caption>
</image>
<image>
<filename>_DSC7571.jpg</filename>
<caption></caption>
</image>
<image>
<filename>_DSC7577.jpg</filename>
<caption></caption>
</image>
<image>
<filename>_DSC7578.jpg</filename>
<caption></caption>
</image>
<image>
<filename>_DSC7583.jpg</filename>
<caption></caption>
</image>
<image>
<filename>_DSC7584.jpg</filename>
<caption></caption>
</image>
<image>
<filename>_DSC7589.jpg</filename>
<caption></caption>
</image>
<image>
<filename>_DSC7590.jpg</filename>
<caption></caption>
</image>
<image>
<filename>_DSC7599.jpg</filename>
<caption></caption>
</image>
<image>
<filename>_DSC7600.jpg</filename>
<caption></caption>
</image>
<image>
<filename>_DSC7603.jpg</filename>
<caption></caption>
</image>
<image>
<filename>_DSC7604.jpg</filename>
<caption></caption>
</image>
<image>
<filename>_DSC7608.jpg</filename>
<caption></caption>
</image>
<image>
<filename>_DSC7610.jpg</filename>
<caption></caption>
</image>
<image>
<filename>_DSC7615.jpg</filename>
<caption></caption>
</image>
<image>
<filename>_DSC7616.jpg</filename>
<caption></caption>
</image>
<image>
<filename>_DSC7622.jpg</filename>
<caption></caption>
</image>
<image>
<filename>_DSC7623.jpg</filename>
<caption></caption>
</image>
<image>
<filename>_DSC7629.jpg</filename>
<caption></caption>
</image>
<image>
<filename>_DSC7630.jpg</filename>
<caption></caption>
</image>
<image>
<filename>_DSC7636.jpg</filename>
<caption></caption>
</image>
<image>
<filename>_DSC7643.jpg</filename>
<caption></caption>
</image>
<image>
<filename>_DSC7644.jpg</filename>
<caption></caption>
</image>
<image>
<filename>_DSC7655.jpg</filename>
<caption></caption>
</image>
<image>
<filename>_DSC7657.jpg</filename>
<caption></caption>
</image>
<image>
<filename>_DSC7660.jpg</filename>
<caption></caption>
</image>
<image>
<filename>_DSC7661.jpg</filename>
<caption></caption>
</image>
<image>
<filename>_DSC7662.jpg</filename>
<caption></caption>
</image>
<image>
<filename>_DSC7665.jpg</filename>
<caption></caption>
</image>
<image>
<filename>_DSC7666.jpg</filename>
<caption></caption>
</image>
<image>
<filename>_DSC7670.jpg</filename>
<caption></caption>
</image>
<image>
<filename>_DSC7671.jpg</filename>
<caption></caption>
</image>
<image>
<filename>_DSC7674.jpg</filename>
<caption></caption>
</image>
<image>
<filename>_DSC7675.jpg</filename>
<caption></caption>
</image>
<image>
<filename>_DSC7679.jpg</filename>
<caption></caption>
</image>
<image>
<filename>_DSC7680.jpg</filename>
<caption></caption>
</image>
<image>
<filename>_DSC7686.jpg</filename>
<caption></caption>
</image>
<image>
<filename>_DSC7687.jpg</filename>
<caption></caption>
</image>
<image>
<filename>_DSC7691.jpg</filename>
<caption></caption>
</image>
<image>
<filename>_DSC7693.jpg</filename>
<caption></caption>
</image>
<image>
<filename>_DSC7696.jpg</filename>
<caption></caption>
</image>
<image>
<filename>_DSC7697.jpg</filename>
<caption></caption>
</image>
<image>
<filename>_DSC7698.jpg</filename>
<caption></caption>
</image>
<image>
<filename>_DSC7716.jpg</filename>
<caption></caption>
</image>
<image>
<filename>_DSC7740.jpg</filename>
<caption></caption>
</image>
<image>
<filename>_DSC7770.jpg</filename>
<caption></caption>
</image>
<image>
<filename>_DSC7774.jpg</filename>
<caption></caption>
</image>
<image>
<filename>_DSC7778.jpg</filename>
<caption></caption>
</image>
<image>
<filename>_DSC7784.jpg</filename>
<caption></caption>
</image>
<image>
<filename>_DSC7789.jpg</filename>
<caption></caption>
</image>
<image>
<filename>_DSC7796.jpg</filename>
<caption></caption>
</image>
<image>
<filename>_DSC7804.jpg</filename>
<caption></caption>
</image>
<image>
<filename>_DSC7812.jpg</filename>
<caption></caption>
</image>
<image>
<filename>_DSC7815.jpg</filename>
<caption></caption>
</image>
<image>
<filename>SGM%20148-2.jpg</filename>
<caption></caption>
</image>
<image>
<filename>SGM%20163.jpg</filename>
<caption></caption>
</image>
<image>
<filename>SGM%20165.jpg</filename>
<caption></caption>
</image>
<image>
<filename>SGM%20166.jpg</filename>
<caption></caption>
</image>
<image>
<filename>SGM%20167.jpg</filename>
<caption></caption>
</image>
<image>
<filename>SGM%20170.jpg</filename>
<caption></caption>
</image>
<image>
<filename>SGM%20172.jpg</filename>
<caption></caption>
</image>
<image>
<filename>SGM%20173.jpg</filename>
<caption></caption>
</image>
<image>
<filename>SGM%20174.jpg</filename>
<caption></caption>
</image>
<image>
<filename>SGM%20176.jpg</filename>
<caption></caption>
</image>
<image>
<filename>SGM%20177.jpg</filename>
<caption></caption>
</image>
<image>
<filename>SGM%20179.jpg</filename>
<caption></caption>
</image>
<image>
<filename>SGM%20180.jpg</filename>
<caption></caption>
</image>
<image>
<filename>SGM%20181.jpg</filename>
<caption></caption>
</image>
<image>
<filename>SGM%20182.jpg</filename>
<caption></caption>
</image>
<image>
<filename>SGM%20183.jpg</filename>
<caption></caption>
</image>
<image>
<filename>SGM%20184.jpg</filename>
<caption></caption>
</image>
<image>
<filename>SGM%20185.jpg</filename>
<caption></caption>
</image>
<image>
<filename>SGM%20186.jpg</filename>
<caption></caption>
</image>
<image>
<filename>SGM%20187.jpg</filename>
<caption></caption>
</image>
<image>
<filename>SGM%20188.jpg</filename>
<caption></caption>
</image>
<image>
<filename>SGM%20189.jpg</filename>
<caption></caption>
</image>
<image>
<filename>SGM%20190.jpg</filename>
<caption></caption>
</image>
<image>
<filename>SGM%20191.jpg</filename>
<caption></caption>
</image>
<image>
<filename>SGM%20193.jpg</filename>
<caption></caption>
</image>
<image>
<filename>SGM%20194.jpg</filename>
<caption></caption>
</image>
<image>
<filename>SGM%20195.jpg</filename>
<caption></caption>
</image>
<image>
<filename>SGM%20196.jpg</filename>
<caption></caption>
</image>
<image>
<filename>SGM%20197.jpg</filename>
<caption></caption>
</image>
<image>
<filename>SGM%20198.jpg</filename>
<caption></caption>
</image>
<image>
<filename>SGM%20199.jpg</filename>
<caption></caption>
</image>
<image>
<filename>SGM%20200.jpg</filename>
<caption></caption>
</image>
<image>
<filename>SGM%20201.jpg</filename>
<caption></caption>
</image>
<image>
<filename>SGM%20202.jpg</filename>
<caption></caption>
</image>
<image>
<filename>SGM%20203.jpg</filename>
<caption></caption>
</image>
<image>
<filename>SGM%20204.jpg</filename>
<caption></caption>
</image>
<image>
<filename>SGM%20205.jpg</filename>
<caption></caption>
</image>
<image>
<filename>SGM%20206.jpg</filename>
<caption></caption>
</image>
<image>
<filename>SGM%20207.jpg</filename>
<caption></caption>
</image>
<image>
<filename>SGM%20208.jpg</filename>
<caption></caption>
</image>
<image>
<filename>SGM%20209.jpg</filename>
<caption></caption>
</image>
<image>
<filename>SGM%20210.jpg</filename>
<caption></caption>
</image>
<image>
<filename>SGM%20211.jpg</filename>
<caption></caption>
</image>
<image>
<filename>SGM%20240.jpg</filename>
<caption></caption>
</image>
<image>
<filename>SGM%20241.jpg</filename>
<caption></caption>
</image>
<image>
<filename>SGM%20242.jpg</filename>
<caption></caption>
</image>
<image>
<filename>SGM%20243.jpg</filename>
<caption></caption>
</image>
<image>
<filename>SGM%20244.jpg</filename>
<caption></caption>
</image>
<image>
<filename>SGM%20255.jpg</filename>
<caption></caption>
</image>
<image>
<filename>SGM%20256.jpg</filename>
<caption></caption>
</image>
<image>
<filename>SGM%20257.jpg</filename>
<caption></caption>
</image>
<image>
<filename>SGM%20258.jpg</filename>
<caption></caption>
</image>
<image>
<filename>SGM%20265.jpg</filename>
<caption></caption>
</image>
<image>
<filename>SGM%20266.jpg</filename>
<caption></caption>
</image>
<image>
<filename>SGM%20267.jpg</filename>
<caption></caption>
</image>
<image>
<filename>SGM%20268.jpg</filename>
<caption></caption>
</image>
<image>
<filename>SGM%20269.jpg</filename>
<caption></caption>
</image>
<image>
<filename>SGM%20270.jpg</filename>
<caption></caption>
</image>
<image>
<filename>SGM%20271.jpg</filename>
<caption></caption>
</image>
<image>
<filename>SGM%20280.jpg</filename>
<caption></caption>
</image>
<image>
<filename>SGM%20383.jpg</filename>
<caption></caption>
</image>
<image>
<filename>SGM%20384.jpg</filename>
<caption></caption>
</image>
<image>
<filename>SGM%20385.jpg</filename>
<caption></caption>
</image>
<image>
<filename>SGM%20386.jpg</filename>
<caption></caption>
</image>
<image>
<filename>SGM%20387.jpg</filename>
<caption></caption>
</image>
<image>
<filename>SGM%20388.jpg</filename>
<caption></caption>
</image>
<image>
<filename>SGM%20389.jpg</filename>
<caption></caption>
</image>
<image>
<filename>SGM%20390.jpg</filename>
<caption></caption>
</image>
<image>
<filename>SGM%20391.jpg</filename>
<caption></caption>
</image>
<image>
<filename>SGM%20392.jpg</filename>
<caption></caption>
</image>
<image>
<filename>SGM%20393.jpg</filename>
<caption></caption>
</image>
<image>
<filename>SGM%20395.jpg</filename>
<caption></caption>
</image>
<image>
<filename>SGM%20396.jpg</filename>
<caption></caption>
</image>
<image>
<filename>SGM%20399.jpg</filename>
<caption></caption>
</image>
<image>
<filename>SGM%20400.jpg</filename>
<caption></caption>
</image>
<image>
<filename>SGM%20401.jpg</filename>
<caption></caption>
</image>
<image>
<filename>SGM%20402.jpg</filename>
<caption></caption>
</image>
<image>
<filename>SGM%20403.jpg</filename>
<caption></caption>
</image>
<image>
<filename>SGM%20404.jpg</filename>
<caption></caption>
</image>
<image>
<filename>SGM%20405.jpg</filename>
<caption></caption>
</image>
<image>
<filename>SGM%20406.jpg</filename>
<caption></caption>
</image>
<image>
<filename>SGM%20408.jpg</filename>
<caption></caption>
</image>
<image>
<filename>SGM%20409.jpg</filename>
<caption></caption>
</image>
<image>
<filename>SGM%20410.jpg</filename>
<caption></caption>
</image>
<image>
<filename>SGM%20412.jpg</filename>
<caption></caption>
</image>
<image>
<filename>SGM%20413.jpg</filename>
<caption></caption>
</image>
<image>
<filename>SGM%20414.jpg</filename>
<caption></caption>
</image>
<image>
<filename>SGM%20415.jpg</filename>
<caption></caption>
</image>
<image>
<filename>SGM%20418.jpg</filename>
<caption></caption>
</image>
<image>
<filename>SGM%20419.jpg</filename>
<caption></caption>
</image>
<image>
<filename>SGM%20420.jpg</filename>
<caption></caption>
</image>
<image>
<filename>SGM%20421.jpg</filename>
<caption></caption>
</image>
<image>
<filename>SGM%20422.jpg</filename>
<caption></caption>
</image>
<image>
<filename>SGM%20423.jpg</filename>
<caption></caption>
</image>
<image>
<filename>SGM%20424.jpg</filename>
<caption></caption>
</image>
<image>
<filename>SGM%20425.jpg</filename>
<caption></caption>
</image>
<image>
<filename>SGM%20426.jpg</filename>
<caption></caption>
</image>
<image>
<filename>SGM%20428.jpg</filename>
<caption></caption>
</image>
<image>
<filename>SGM%20429.jpg</filename>
<caption></caption>
</image>
<image>
<filename>SGM%20430.jpg</filename>
<caption></caption>
</image>
<image>
<filename>SGM%20431.jpg</filename>
<caption></caption>
</image>
</simpleviewerGallery>
